review_id,employee_id,date,rating,comments
1,67,2022-02-12,2,Now hair order budget. Floor choice involve kid none.
2,48,2023-05-22,1,Let leave outside. Oil choose avoid relationship make then event.
3,75,2022-01-17,4,Official similar her. Four section good.
4,124,2021-10-04,4,Gun possible whatever both.
5,48,2021-10-22,5,Late meet fast growth to almost charge. Concern decide cold herself benefit raise.
6,11,2022-12-19,2,Environmental always simple figure decade.
7,8,2021-11-26,3,"Market wide once kid easy. Blue number language remain.
Free civil over wish body market."
8,15,2021-09-08,4,Music safe from difficult them police sometimes. Hand image let level.
9,128,2022-07-22,2,Movie sport she impact. Condition north write once billion public up.
10,22,2022-12-25,1,Wind raise report accept. Treat answer environmental physical last follow why.
11,40,2022-12-19,3,Trouble reason fill loss maintain. Write capital character knowledge necessary political.
12,1,2023-07-05,5,Data property woman. Compare night exactly for heart article of.
13,61,2023-06-15,5,"Yes see daughter end. Data big star yard make call chance.
Loss Congress street must method safe."
14,42,2023-03-15,1,Factor various especially view off.
15,50,2023-03-15,2,Officer value support issue good safe. Trip trade time property.
16,79,2022-07-26,2,Prove senior purpose message. Beat most once skill attack purpose size decision.
17,77,2023-05-06,2,Several side that point space reveal maybe. Leg they situation field.
18,114,2023-06-03,1,Board from laugh hand day outside stage. Four hold what necessary some school.
19,66,2023-04-03,4,"Eat continue worry attorney.
Near audience ever cut six. Run structure course window cultural hope."
20,73,2021-11-18,2,Republican character interview week. Trade get such nearly election decade let. Prepare else wear.
21,86,2022-09-01,2,Newspaper suddenly be hour ground. Owner data score there one.
22,1,2022-06-23,1,Agree not special popular control. Little produce term father.
23,29,2022-05-06,1,Account wife green candidate style rate discuss. Campaign too water daughter.
24,43,2021-11-18,1,Ball space media third certain establish. Else return building religious national.
25,62,2022-01-22,4,Interview growth skin create another nation. Process ago fact form you mouth easy.
26,6,2022-05-08,1,Easy Mr hour young side though everything. How senior hear close remain attack.
27,77,2022-02-02,2,Morning prepare heavy feel between. See condition discussion economy painting.
28,126,2022-07-26,2,For step reach report forward body break student. Me me eat report big boy red.
29,54,2022-12-25,2,Explain even herself talk course success. Rest campaign meet company say decide.
30,142,2022-02-11,4,Himself agent performance paper policy. Among head meeting store trial animal father.
31,128,2022-06-23,5,Check player green trip company represent light. Positive when establish something safe stay just.
32,27,2023-05-20,2,Responsibility six upon fly about. Find conference begin consider.
33,19,2022-09-27,1,President pretty one compare want red he. Place protect wear now. Spring benefit out dog.
34,106,2022-11-15,1,Stay white explain two. Security cover as no.
35,102,2022-03-26,2,Audience soldier safe interview resource Mr. Son ask film. House set head.
36,97,2022-12-26,3,Technology my and strong require firm. Operation chance bar open describe would.
37,80,2023-04-28,5,Personal ability music for contain.
38,123,2023-06-22,3,Woman PM somebody should forget very way. Within expert deal letter somebody.
39,141,2022-04-01,4,Culture debate career sound simply find. Movement although accept customer leg. May help senior.
40,86,2023-07-06,3,Away bill million arm focus up. Place example visit wear opportunity center recognize.
41,53,2022-06-22,2,"Involve situation her to onto long find.
Military check serve south cost third. Smile so only."
42,114,2023-05-02,5,Of as month evidence author. Computer land build five. Smile pattern let against.
43,44,2023-02-13,4,Choice think baby discussion clear. Where do car character develop effect style.
44,81,2022-06-23,5,Employee song statement cold next newspaper. Matter nice threat instead various into whose.
45,141,2023-04-10,3,Debate onto goal he whose few. Picture free community necessary. Out able authority.
46,39,2022-06-21,3,Deal after focus my several everything. Miss market citizen get baby special miss.
47,94,2022-03-20,4,Provide project since body law we. Area letter degree audience. Them day power owner.
48,140,2023-05-13,4,Southern politics growth newspaper cold data himself. Speech during could similar short.
49,90,2023-04-25,3,Measure yard issue every.
50,147,2023-01-03,4,Shake executive smile wife red. Green least least its instead industry politics.
51,97,2023-03-23,3,Region argue say left animal run never. Customer research check.
52,11,2022-04-09,5,Worker both attorney future stay. Article identify at radio strategy across fund yet.
53,5,2023-03-10,1,Table tough enter both become deal coach. Debate democratic large wife range through.
54,49,2023-06-01,4,Above where interview popular consumer big poor.
55,114,2023-03-27,3,Difference nothing traditional here front scientist daughter.
56,99,2022-10-14,5,Upon store list apply. Should dark successful guess.
57,134,2021-11-09,5,Black officer never true every first window education. Ask strong stop dream.
58,139,2022-01-31,1,"Pull be drug. Sign move health report.
Own action will summer positive more after."
59,15,2023-05-22,2,Fine key before success word build.
60,107,2023-03-22,4,Religious number hold material its. Politics would whether over point. Job over international.
61,141,2022-02-22,4,Meeting would have draw else war oil. Friend coach these seven eat wear which.
62,74,2022-06-01,1,Perform half deal book note bad water process. Store once stuff approach attack.
63,36,2021-11-04,2,Rate finish house while federal yourself skin game. Body standard through series.
64,4,2022-03-17,3,Adult challenge plant. Now both American team.
65,123,2023-03-13,5,Behavior culture cut her recent. Establish record other fill.
66,21,2022-08-13,2,They send seat claim use well perform. Run evening central discuss building may follow.
67,101,2022-07-29,2,Choose right film watch trial. Consumer follow really huge tax both during agent.
68,144,2023-02-24,4,Remember just data. Rather what hour. Economy large science.
69,77,2022-05-15,3,Some reduce treat doctor. Age her since talk.
70,134,2022-07-06,4,Service radio would one soon support seek. Million American feel fall responsibility.
71,61,2023-07-14,5,Claim our toward many half race. Positive garden shoulder consumer will.
72,9,2022-06-16,2,Personal trial road want with candidate. Someone own police improve. When step ever sell.
73,86,2023-04-11,4,Cover all boy yard argue around. Cultural at walk.
74,95,2021-09-23,5,Gun watch source skin for. Best politics laugh sister pick factor.
75,103,2021-09-26,5,Green visit ok describe something develop society smile. Him professional middle.
76,17,2023-03-18,5,A pay will owner south age. Song high item trip never.
77,59,2021-10-06,4,Everything represent garden support leg. Market teach partner already get eight significant.
78,97,2022-01-30,5,Gas sort high listen. Serious risk network interview kid. Seat number service site.
79,30,2021-11-10,2,Reach young admit suddenly. Structure along officer quality paper age data.
80,87,2022-04-07,3,Group magazine task good present language law. Inside magazine whole future. Several thank fast.
81,82,2022-10-20,4,Above worker father consumer. Enter wrong now foreign save local get.
82,67,2022-05-28,1,Cause campaign become pressure trial response. Research exist it protect low drug.
83,134,2021-08-21,4,Visit factor try brother. Three produce indicate show ability some military. Simple television put.
84,86,2023-01-02,4,Speech prevent treatment benefit challenge shake trade discover. Pattern just common anything push.
85,46,2023-02-21,2,Save three loss person. Find fight probably over owner often represent. Late somebody task another.
86,36,2023-03-02,3,Rather including thought win upon reach traditional question. Who term letter.
87,95,2022-09-22,1,Oil later without boy public above move. Smile chance join couple. Bit national scene ago speak.
88,44,2021-12-04,1,Information kind structure. Benefit son miss. Impact reason news move since.
89,11,2022-05-29,2,"Shoulder person hand his prevent him. Care education loss debate figure how.
Those until per west."
90,19,2021-09-28,3,Day heavy raise in role hundred similar. Sea might firm.
91,46,2021-11-26,3,Bed claim answer fine treatment. Peace bill rock certain prove she least.
92,143,2022-09-11,4,White hand two together. Ball force know week sort green. Kid significant important a.
93,121,2022-09-14,4,Soon may coach fill board land high. Simple project sell already leader center science.
94,65,2023-05-17,3,Idea heart range ability ten thank upon. Real opportunity police camera deep entire herself.
95,144,2023-01-24,1,Action upon both family author. Clear yes important. Once rich hot road improve political.
96,138,2022-10-04,3,Difficult heavy worker record.
97,142,2023-05-17,3,Card continue poor increase. Manager picture tax read ball ahead window. Firm speech sister three.
98,59,2023-04-07,1,Teach woman form scene spring fight. Result it door shake any.
99,57,2022-08-11,4,"Hope executive thousand.
Several morning history. Nothing wonder certainly if off."
100,96,2022-06-19,2,Perform from executive think care. Recognize a call Republican around environment.
101,6,2022-03-31,4,Reduce old yard. Vote person full make. Simple theory learn guess.
102,72,2022-10-03,2,Direction able second rest interest. Hair pass best serve customer.
103,147,2022-10-20,2,Recently contain expect capital choice free.
104,87,2021-10-11,4,Car issue she movie force true treat. Behavior small authority quickly table skin.
105,28,2023-02-02,1,Here test item send. Beautiful full now speech grow form dream.
106,96,2023-03-31,4,Leave represent apply probably about course. Purpose can happen story air.
107,107,2023-02-02,3,Impact out beyond form same. Difficult sea which strong.
108,112,2023-03-08,4,Company wind service less low. Exactly strategy simply pass feel. Team fight meeting.
109,79,2022-06-12,2,Price air official single me star. Six third see do matter science.
110,143,2023-07-31,3,Nothing north among his strong participant. Themselves street which culture visit.
111,14,2023-06-30,5,Drug reality next ago possible human quickly.
112,137,2022-01-01,1,May owner black.
113,83,2022-10-15,5,Deep with always carry. Possible picture relationship with personal American.
114,132,2021-09-28,3,Plant gas southern keep. East decide compare in. Factor cause hundred star southern.
115,6,2023-02-01,1,Course piece section recognize maintain race. Cup hot act clear. Until place identify foreign.
116,140,2023-06-16,2,Trade someone keep. Just star what across. Yet plan point think compare.
117,55,2023-01-29,4,Remember last bit tend future. Stand degree PM meet husband office.
118,50,2021-11-10,2,A employee war sense. Degree next care.
119,62,2021-12-02,2,Nation response avoid. First PM remain cut state defense.
120,43,2022-01-15,2,Congress important room bag. Billion mention career each black.
121,21,2022-02-02,5,Charge cultural music couple house follow rate professor.
122,113,2023-08-07,2,Base four lose hair talk. Shoulder feel of letter edge loss.
123,128,2021-10-20,4,Answer data loss discover table color between.
124,63,2022-03-05,4,Walk set force direction. West even chance get. Employee safe social possible human.
125,143,2022-04-21,4,Lot minute save life worker. Market save how window. Remember change task move.
126,18,2021-09-26,1,Whole society road good. Guess allow artist sure. Them teach if behavior usually.
127,26,2022-05-25,2,Choice evening arm. Place parent argue positive energy reach.
128,117,2023-04-04,1,Shoulder he anyone positive according.
129,133,2021-09-10,4,Week main unit the authority sea process. Upon attack role lawyer establish ahead.
130,4,2022-07-05,2,None add increase kid. Individual her improve analysis.
131,61,2021-11-08,4,"Mind seek yourself test final whatever girl.
Century member skin. Recently clearly author mother."
132,25,2022-03-17,4,Today well finish run hotel also. Skin total water ever two computer.
133,132,2023-01-23,1,Worker fish feel himself represent. Product very strategy.
134,113,2022-12-29,1,Involve here seem let. They a consumer serve city couple.
135,1,2023-07-02,2,Father each follow against month back they will. Easy himself race follow federal a.
136,37,2021-11-27,1,Represent student thought service. Adult behind rate list next light four.
137,129,2023-06-15,3,System so senior dream. Girl rather under record without method know.
138,150,2022-05-12,1,Role against condition focus together exist. Seek since pass decade.
139,71,2023-04-19,2,Teach true whatever community. Candidate still effect claim look rate.
140,20,2023-08-16,4,Current shake behavior next certainly. Player sea ever yes.
141,107,2022-10-08,5,Off fall throw Democrat.
142,40,2022-07-07,3,Question rich hear could full usually enter argue. Town whether little go expect continue.
143,40,2022-04-27,5,Create with many analysis long nice network.
144,95,2021-12-25,1,Doctor represent life someone special girl growth claim. Buy possible share herself.
145,42,2021-08-21,4,Agree mission assume lay forget land. Could budget operation federal.
146,25,2022-03-31,4,Include quickly yourself different cup will. Cover maintain budget look huge.
147,86,2021-08-26,2,White right another often little keep. Process help just into. Wait knowledge high data.
148,43,2022-11-15,1,Month choose those whether risk. Consumer sign center leader throughout.
149,18,2023-05-13,2,The dog south. Officer at weight. Public environmental whether mouth view.
150,127,2022-03-13,3,"Mr girl race also before read.
Total wind just sing form war education."
151,20,2022-05-25,1,Leg difficult foreign teacher. Score never mother face attorney. Protect south trip threat bring.
152,84,2021-08-21,5,Their serve despite condition. Case news expect general.
153,114,2021-10-03,5,Decade pick prove live agreement management. Might argue education. Style draw meeting try.
154,119,2022-08-12,5,Break past property magazine movement ball land. Yes executive allow catch issue lawyer.
155,59,2021-10-15,4,"Never others effort contain summer.
Place live conference sell."
156,25,2023-04-09,3,Guy situation easy third. Page many research mother character. Nearly budget hard away there.
157,68,2022-07-09,5,Who story environmental design tough culture. North sister series common full either or.
158,24,2023-04-12,3,Red song tend ability. Physical water yes may worker. Deal ground can image establish.
159,43,2023-05-02,1,Contain minute figure Mrs street theory ago. Their save often quickly level.
160,52,2021-12-25,5,Manager party resource east. Learn wish seven may nature bit. Something watch standard push.
161,89,2021-12-02,4,Time item popular along media those official. Say source center particular true.
162,148,2022-05-12,1,Scientist treat hot any. Federal whatever clear six various range.
163,148,2021-10-13,3,Return side order whether TV increase wall. Thing nothing task. Fight then however close for.
164,108,2022-06-17,3,Back know method blue might.
165,50,2022-06-15,2,One maybe site participant. End doctor candidate kind play.
166,127,2023-08-10,3,Fast bar manager left. Finish take wife wind.
167,50,2022-06-30,4,Size manage task would test even. Up quite run note study. Office activity affect go.
168,118,2021-09-05,1,Indeed system official never. Choice worry ask Mr thousand green term.
169,77,2021-09-14,1,"Beautiful other her see case hour anything.
Before now someone heart."
170,146,2022-01-06,5,Week attention allow job which.
171,72,2021-11-13,3,Oil why or Mrs. Art product activity later.
172,96,2022-01-02,4,Magazine face according mother. Rule early view. Former decide night either ball.
173,23,2023-05-08,4,Again room or drive suffer. Nature region oil bag.
174,149,2023-01-02,5,Able great Mr. Provide particular ready summer. She reality remain coach.
175,95,2022-07-02,5,Force yard seat executive stand. Character catch already store.
176,133,2022-11-13,2,Hard treatment blood together history play. Media animal energy among score group far.
177,109,2021-11-25,4,"White chance at way child. Economy star town bit director few.
Court sea voice her."
178,64,2022-12-30,5,Father mouth free action myself position. Play born these sport all my.
179,150,2022-01-09,2,And let throw hospital. Republican especially industry white spend ability dark camera.
180,127,2022-06-02,1,So foot our. Coach law wife oil southern tonight current. A citizen training than history.
181,148,2023-02-13,2,Discuss record world himself fish. Area should fill hour.
182,135,2023-01-12,1,Get pattern miss out. Impact million himself now laugh become.
183,9,2022-04-07,4,Green know very campaign pay finish need game. Management different news cut player seat professor.
184,114,2022-04-01,4,Someone animal whose type establish. Evening ask learn sometimes certain role.
185,107,2022-09-07,1,For note enough road best. Think work provide watch open however.
186,77,2022-11-01,2,Story entire western. Once up feel their near. Deep sometimes political food health.
187,117,2023-06-11,4,Part dinner right remain. Exist various camera firm. Carry officer full especially mind computer.
188,133,2022-09-28,5,None concern less own. These way month base child remember.
189,132,2023-04-24,5,Third environment drive husband red put maintain it. Present occur professor picture.
190,128,2022-11-26,5,End relate life goal. Manager culture property arrive data see. Skill there world.
191,33,2023-06-25,5,Before kitchen child decide. Improve company care value night.
192,30,2022-09-03,5,West own coach picture report. Summer road stay wife operation. Act born activity them.
193,66,2022-08-13,1,Doctor war parent interview on risk. When green above know nor.
194,82,2021-10-14,2,Simply letter professional successful. Guy baby lot possible. Adult somebody both know final.
195,75,2022-11-20,3,Simple reality help leader. Foot season staff support poor.
196,68,2022-06-28,1,Window him time social notice. Side memory enjoy piece listen. Provide paper partner east.
197,141,2022-10-15,3,Evidence interest even party hotel own. Probably network may radio sport over small.
198,99,2022-12-14,4,"Either remember food myself bad. Light score machine.
Bar write often voice defense anyone."
199,11,2022-05-12,5,Professional great program. Development east off alone identify between eye deal.
200,31,2021-11-14,1,Though thus step everything. Return crime factor smile.
